Serial Number,Hostname,Location
"AUTO000000101","Hostname-101","Location_1"
"AUTO000000102","Hostname-102","Location_2"
"AUTO000000103","Hostname-103","Location_3"
"AUTO000000104","Hostname-104","Location_4"
"AUTO000000105","Hostname-105","Location_5"
"AUTO000000106","Hostname-106","Location_6"
"AUTO000000107","Hostname-107","Location_7"
"AUTO000000108","Hostname-108","Location_8"
"AUTO000000109","Hostname-109","Location_9"
"AUTO000000110","Hostname-110","Location_10"
"AUTO000000111","Hostname-111","Location_1"
"AUTO000000112","Hostname-112","Location_2"
"AUTO000000113","Hostname-113","Location_3"
"AUTO000000114","Hostname-114","Location_4"
"AUTO000000115","Hostname-115","Location_5"
"AUTO000000116","Hostname-116","Location_6"
"AUTO000000117","Hostname-117","Location_7"
"AUTO000000118","Hostname-118","Location_8"
"AUTO000000119","Hostname-119","Location_9"
"AUTO000000120","Hostname-120","Location_10"
"AUTO000000121","Hostname-121","Location_1"
"AUTO000000122","Hostname-122","Location_2"
"AUTO000000123","Hostname-123","Location_3"
"AUTO000000124","Hostname-124","Location_4"
"AUTO000000125","Hostname-125","Location_5"
"AUTO000000126","Hostname-126","Location_6"
"AUTO000000127","Hostname-127","Location_7"
"AUTO000000128","Hostname-128","Location_8"
"AUTO000000129","Hostname-129","Location_9"
"AUTO000000130","Hostname-130","Location_10"
"AUTO000000131","Hostname-131","Location_1"
"AUTO000000132","Hostname-132","Location_2"
"AUTO000000133","Hostname-133","Location_3"
"AUTO000000134","Hostname-134","Location_4"
"AUTO000000135","Hostname-135","Location_5"
"AUTO000000136","Hostname-136","Location_6"
"AUTO000000137","Hostname-137","Location_7"
"AUTO000000138","Hostname-138","Location_8"
"AUTO000000139","Hostname-139","Location_9"
"AUTO000000140","Hostname-140","Location_10"
"AUTO000000141","Hostname-141","Location_1"
"AUTO000000142","Hostname-142","Location_2"
"AUTO000000143","Hostname-143","Location_3"
"AUTO000000144","Hostname-144","Location_4"
"AUTO000000145","Hostname-145","Location_5"
"AUTO000000146","Hostname-146","Location_6"
"AUTO000000147","Hostname-147","Location_7"
"AUTO000000148","Hostname-148","Location_8"
"AUTO000000149","Hostname-149","Location_9"
"AUTO000000150","Hostname-150","Location_10"
"AUTO000000151","Hostname-151","Location_1"
"AUTO000000152","Hostname-152","Location_2"
"AUTO000000153","Hostname-153","Location_3"
"AUTO000000154","Hostname-154","Location_4"
"AUTO000000155","Hostname-155","Location_5"
"AUTO000000156","Hostname-156","Location_6"
"AUTO000000157","Hostname-157","Location_7"
"AUTO000000158","Hostname-158","Location_8"
"AUTO000000159","Hostname-159","Location_9"
"AUTO000000160","Hostname-160","Location_10"
"AUTO000000161","Hostname-161","Location_1"
"AUTO000000162","Hostname-162","Location_2"
"AUTO000000163","Hostname-163","Location_3"
"AUTO000000164","Hostname-164","Location_4"
"AUTO000000165","Hostname-165","Location_5"
"AUTO000000166","Hostname-166","Location_6"
"AUTO000000167","Hostname-167","Location_7"
"AUTO000000168","Hostname-168","Location_8"
"AUTO000000169","Hostname-169","Location_9"
"AUTO000000170","Hostname-170","Location_10"
"AUTO000000171","Hostname-171","Location_1"
"AUTO000000172","Hostname-172","Location_2"
"AUTO000000173","Hostname-173","Location_3"
"AUTO000000174","Hostname-174","Location_4"
"AUTO000000175","Hostname-175","Location_5"
"AUTO000000176","Hostname-176","Location_6"
"AUTO000000177","Hostname-177","Location_7"
"AUTO000000178","Hostname-178","Location_8"
"AUTO000000179","Hostname-179","Location_9"
"AUTO000000180","Hostname-180","Location_10"
"AUTO000000181","Hostname-181","Location_1"
"AUTO000000182","Hostname-182","Location_2"
"AUTO000000183","Hostname-183","Location_3"
"AUTO000000184","Hostname-184","Location_4"
"AUTO000000185","Hostname-185","Location_5"
"AUTO000000186","Hostname-186","Location_6"
"AUTO000000187","Hostname-187","Location_7"
"AUTO000000188","Hostname-188","Location_8"
"AUTO000000189","Hostname-189","Location_9"
"AUTO000000190","Hostname-190","Location_10"
"AUTO000000191","Hostname-191","Location_1"
"AUTO000000192","Hostname-192","Location_2"
"AUTO000000193","Hostname-193","Location_3"
"AUTO000000194","Hostname-194","Location_4"
"AUTO000000195","Hostname-195","Location_5"
"AUTO000000196","Hostname-196","Location_6"
"AUTO000000197","Hostname-197","Location_7"
"AUTO000000198","Hostname-198","Location_8"
"AUTO000000199","Hostname-199","Location_9"
"AUTO000000200","Hostname-200","Location_10"